Vars,BR_RMSE,DTR_RMSE,ETR_RMSE,KNR_RMSE,BR_MSE,DTR_MSE,ETR_MSE,KNR_MSE,BR_Time,DTR_Time,ETR_Time,KNR_Time
years_education,0.022718505137723215,0.028227641215821574,0.022084343351661182,0.023260591805170237,0.1504486151043937,0.16763663357230693,0.1483283817007511,0.15216457055330787,0.000406431249777476,0.00031215559244155853,0.09277477654616052,0.0003902862111727397
year_birth,0.0332250066143331,0.039163985424294216,0.0331272318911067,0.038348916512059315,0.1819626729607988,0.19738627420803098,0.18166799581263204,0.1954638414406042,0.0003859938621520994,0.00034394740263621044,0.09241343936920172,0.00037880436182022065
cognition,2.4026261527060733e-05,0.0031236710375174945,0.0012006084214909558,0.003996586306607691,0.004860772243016777,0.05548325415811362,0.03392292128511808,0.0626324492778622,0.00037992374102274577,0.0003084932327270507,0.09241596595446278,0.00038149687051773146
cdr_global,0.014949699781801072,0.020450370896122786,0.015639876960772753,0.019549566233766216,0.12155452042346629,0.14213947636687474,0.12418333888397869,0.13849725408747415,0.0003870507637659711,0.00035690621534983333,0.09243570859034847,0.0003796910961469016
functionality,0.012363230145686181,0.01565415566984148,0.011801763342839009,0.015971084898572508,0.1107705522966518,0.12422661198478063,0.10813604598615058,0.12560909646260354,0.00038267290989557883,0.00033248012463251754,0.09237158908049276,0.00037984656095504775
ifs_total_score,0.02528694908567363,0.025715963634499038,0.024479126573366695,0.021021602956864546,0.15859770454041358,0.1599428205228838,0.15602642198755085,0.14460128366726985,0.0002443606575330101,0.00027472660541534414,0.09850216642618201,0.001351654915014904
mmse_vs,0.0005080342187092678,0.009727920664390233,0.007294737824898936,0.015632938999462092,0.022346711684339455,0.09777121580162691,0.08475138526424479,0.12448846504322751,0.0004019843618075052,0.0003240676999092105,0.09493625669479368,0.0003985075394312544
moca_vs,0.0001190086667669171,0.0029184831584615754,0.002699145664847375,0.006015467832167827,0.010824655485665049,0.05345087697621531,0.05144211349881074,0.0771840561478817,0.00041061297257741225,0.0003155721863110857,0.09655854523579256,0.0004149963617324828
ace_vs,0.00019594269301699156,0.00547205185902226,0.005254540659727518,0.007736240656844353,0.013859724705933042,0.0733606101554165,0.0720877440136293,0.08742932960823181,0.00039165978431701627,0.0003323960343996683,0.09331630804538743,0.0003850645780563354
