Vars,BR_RMSE,DTR_RMSE,ETR_RMSE,KNR_RMSE,BR_MSE,DTR_MSE,ETR_MSE,KNR_MSE,BR_Time,DTR_Time,ETR_Time,KNR_Time
years_education,0.02239975931461223,0.027290520966808788,0.021711273814239228,0.022116631340165165,0.14812951474702182,0.16356094550222136,0.14591222429391115,0.1469661651077267,0.0004047783255577089,0.0002834527452786757,0.09513401581048947,0.0004063792030016582
year_birth,0.03301951936757193,0.036795038811461754,0.03253423859153644,0.03943331052631574,0.17983177777607504,0.1897885996316347,0.17849689468583732,0.1964465169426041,0.0003892949541409811,0.0002807796676953639,0.09200662311315537,0.0003864610870679217
cognition,2.297423982435635e-05,0.0028932062769856616,0.001053022558858552,0.0031883281431335573,0.004528631271236503,0.052926445068833684,0.031382755918887714,0.054742505626112443,0.0003880446155865991,0.0002745438973108927,0.09204999237060553,0.00038558932940165193
cdr_global,0.014376083091986427,0.020553438014447922,0.015278943282617658,0.01906043684210528,0.11618778726312035,0.1376597283403949,0.11949177302966321,0.13208987121924592,0.00038689543803532855,0.0003055380622545877,0.09198898201783492,0.0003859234809875487
functionality,0.012228739680324277,0.014750660520742743,0.011079157921253118,0.01502295345802522,0.10836753237994481,0.11864159085914718,0.1030199115018307,0.11875449531345175,0.00038694527943929064,0.00028369162877400707,0.0920469609022141,0.0003870318929354359
ifs_total_score,0.025171424359048653,0.025468315570583874,0.024487784702056675,0.02022054125268532,0.1558430166132075,0.15673011521885558,0.15377073342851497,0.14003699711780002,0.00023263200124104785,0.00027495147784550975,0.09552652125358582,0.0011885503888130178
mmse_vs,0.0004754827261208607,0.00930185572442785,0.006889963116559279,0.013152452569293049,0.02050335912372,0.09345240484312665,0.08020674533306436,0.11244903112251158,0.000413454421361288,0.0002795749704043068,0.09811588073174161,0.00040932377179463716
moca_vs,0.00011327443610365151,0.0024018364088976493,0.002502162734641934,0.005424238407038308,0.010090079179003142,0.04760104018173161,0.04808597933228175,0.07191609769677812,0.0004091881155967715,0.0002878711541493735,0.09705579344431556,0.0004110213994979858
ace_vs,0.0001833802784795228,0.0046005826117324075,0.004830703520429416,0.006837468549203481,0.012540131426703658,0.06661195380057304,0.06832957217025637,0.08073932649713227,0.0004060320337613426,0.00028217025200525894,0.0955166990280151,0.0004060983896255495
