Vars,3_dfs_RMSE,5_dfs_RMSE,7_dfs_RMSE,3_dfs_MSE,5_dfs_MSE,7_dfs_MSE,3_dfs_Time,5_dfs_Time,7_dfs_Time
years_education,0.028571764171556244,0.028323035131220364,0.028246217072152812,0.1686723266779735,0.167945768107928,0.16773126451788872,0.003989655701319376,0.012122355222702035,0.026216812181472753
year_birth,0.045978669526645054,0.045616882339801046,0.046019128718494784,0.21402007519755575,0.21313537511745773,0.21411539628113005,0.002686724972724916,0.008559618556499476,0.017936210791269936
cognition,0.0011889254365190863,0.0012450576657929051,0.0011915360819430994,0.03347870104368568,0.03426331747336656,0.03356794180333371,0.0030314964413642852,0.009998689496517181,0.020627362879117327
cdr_global,0.016666362795177636,0.01663947968207981,0.01643376541040939,0.12797239691177303,0.12784694462897056,0.1270229745827913,0.0017643142819404602,0.00570731927553813,0.01190431820154191
functionality,0.0158894005825356,0.016351407638445222,0.016078780205348555,0.12542368079009172,0.12719868289281336,0.12621561470865958,0.0023351456403732317,0.00756928674379985,0.015921840337912246
ifs_total_score,0.0155858512722058,0.015771867592406442,0.01567543450817702,0.12434029961854212,0.12509470268195447,0.12471068854444342,0.00241159099737803,0.007950337616602575,0.016542123770713797
mmse_vs,0.006906005533384188,0.00674597252385573,0.00688951056840618,0.08217650081231617,0.08129765720916099,0.08209913850842543,0.002222277923425038,0.007328722222646068,0.015241730884710964
moca_vs,0.002634254247623062,0.0026649295577054555,0.002612417755455721,0.050718279569704205,0.05106777100834894,0.05054181885505358,0.002388654160499573,0.007753364769617714,0.016258580728371937
ace_vs,0.004736707259243298,0.004826748026076781,0.004708319963835581,0.06831190780516251,0.06895058072538564,0.06813268623203364,0.0026515087644259105,0.008750269655386602,0.01824414062102636
