Vars,3_dfs_RMSE,5_dfs_RMSE,7_dfs_RMSE,3_dfs_MSE,5_dfs_MSE,7_dfs_MSE,3_dfs_Time,5_dfs_Time,7_dfs_Time
years_education,0.02764557158491696,0.027980177096806308,0.028200346234205545,0.1647660406032265,0.1657330480169665,0.16646482081554026,0.003529767608642576,0.010945901087919867,0.022959023149808234
year_birth,0.04635381786580016,0.04668148684101546,0.04698307441164877,0.21298419342189162,0.21385503790749733,0.2144419521156453,0.0031987141331036905,0.010449489641189571,0.0218585160533587
cognition,0.0007545177121146575,0.0007104040179227592,0.0007420717535788274,0.025147496480590562,0.024341480115950196,0.025000999251462486,0.00394674283663432,0.013018627194563545,0.027225646066665606
cdr_global,0.015316578218019352,0.015028815076194336,0.015167367698961973,0.11667795114864891,0.11529090786536542,0.11581381267128527,0.0023649721145629866,0.007742019844055191,0.016266089602311483
functionality,0.015269700548701385,0.015504428684046475,0.01529361964371538,0.12087489652216725,0.12185879408058144,0.12106023163991482,0.003164158848921459,0.010324087496598555,0.021635639154911016
ifs_total_score,0.013822786147899311,0.013995786602305632,0.014048559514484945,0.11544062144711009,0.11626043576342067,0.11634655362851401,0.0032748687227567067,0.010900942150751746,0.02269650197426479
mmse_vs,0.006128098311167312,0.006235055618681107,0.0062744078771973105,0.0744298365269544,0.07507031042712893,0.07527586610804265,0.003051168795426689,0.010099646826585148,0.021260731009642257
moca_vs,0.002048049783227449,0.0020565950097094763,0.0020811901425053774,0.04330151922395876,0.04334608102116835,0.0435932437003377,0.0031947305043538393,0.010605069478352878,0.022283598570028953
ace_vs,0.0036779114563475555,0.003698846807639349,0.0036607284758969605,0.0590442953763435,0.05926130283584469,0.058906614299724554,0.00366434905529022,0.011923185388247182,0.02515750865936281
